# x, y, z
-5.487664165271296746e+00,-9.578912928501329138e-02
-5.481622645394811144e+00,-1.434763580893253232e-01
-5.476666336390568546e+00,-1.911178926519499499e-01
-5.474792903820190126e+00,-2.388364907745376409e-01
-5.469008506517978319e+00,-2.863539447526482484e-01
-5.468800843099430153e+00,-3.341546674069273970e-01
-5.465681229678364339e+00,-3.817992912205007694e-01
-5.428251205228544762e+00,-4.267501872609669178e-01
-5.427314610005288031e+00,-4.742990883860703777e-01
-5.425463871017476514e+00,-5.218162119329943227e-01
-5.420710545592163143e+00,-5.690760543705511987e-01
-5.418526104276140565e+00,-6.166318678963244038e-01
-5.415428247271133699e+00,-6.641319712563460431e-01
-5.412409760016427818e+00,-7.116900993381930496e-01
-5.406002293475128617e+00,-7.588289733258378744e-01
-5.401162225338064893e+00,-8.062054580589602670e-01
-5.364793833480441698e+00,-8.486335595653790032e-01
-5.339934277508243454e+00,-8.924675252592662034e-01
-5.331954196339417251e+00,-9.389679546653124653e-01
-5.361425958682525916e+00,-9.924043951890785253e-01
-inf,-inf
-inf,-inf
-inf,-inf
-5.146374104539387595e+00,-1.139418101917597737e+00
-5.136249347229553841e+00,-1.184222393782123461e+00
-5.131569216550014190e+00,-1.230335666544775775e+00
-inf,-inf
-inf,-inf
-inf,-inf
-inf,-inf
-inf,-inf
-inf,-inf
-inf,-inf
-inf,-inf
-inf,-inf
-inf,-inf
-3.971806635958982312e+00,-1.443546545114526625e+00
-3.959076181692257723e+00,-1.478103639437013728e+00
-3.961919073029210203e+00,-1.518633108337734905e+00
-inf,-inf
-inf,-inf
-inf,-inf
-inf,-inf
-inf,-inf
-inf,-inf
-inf,-inf
-inf,-inf
-inf,-inf
-inf,-inf
-inf,-inf
-inf,-inf
-inf,-inf
-1.849641999105709811e+00,-1.023631194282321077e+00
-1.840651435623851695e+00,-1.039710844080925733e+00
-1.795566363436954305e+00,-1.034986784922392600e+00
-1.786478896119650717e+00,-1.050594766876988384e+00
-1.738237564930265044e+00,-1.042717107763716511e+00
-1.720554651303519256e+00,-1.052606541067789170e+00
-1.711316486679550719e+00,-1.067560171999512475e+00
-inf,-inf
-inf,-inf
-inf,-inf
-inf,-inf
-inf,-inf
-inf,-inf
-inf,-inf
-inf,-inf
-inf,-inf
-inf,-inf
-inf,-inf
-inf,-inf
-inf,-inf
-inf,-inf
-inf,-inf
-inf,-inf
-inf,-inf
-inf,-inf
-inf,-inf
-inf,-inf
-inf,-inf
-inf,-inf
-inf,-inf
-inf,-inf
-inf,-inf
-inf,-inf
-inf,-inf
-inf,-inf
-inf,-inf
-inf,-inf
-inf,-inf
-inf,-inf
-inf,-inf
-inf,-inf
-inf,-inf
-inf,-inf
-inf,-inf
-inf,-inf
-inf,-inf
-inf,-inf
-2.419518341483481993e+00,-3.510465078417499996e+00
-2.388834876717268685e+00,-3.531416430179675103e+00
-inf,-inf
-inf,-inf
-inf,-inf
-5.026784830865392628e+00,-8.019829309447326082e+00
-4.956705966656991258e+00,-8.063330195929953703e+00
-inf,-inf
-inf,-inf
-inf,-inf
-inf,-inf
-3.086382123836637792e+00,-5.548909614732896678e+00
-3.037909518704609901e+00,-5.575594881533042724e+00
-2.977436708399365806e+00,-5.579800351179446949e+00
-inf,-inf
-inf,-inf
-inf,-inf
-inf,-inf
-inf,-inf
-inf,-inf
-inf,-inf
-inf,-inf
-inf,-inf
-inf,-inf
-inf,-inf
-inf,-inf
-inf,-inf
-inf,-inf
-inf,-inf
-inf,-inf
-inf,-inf
-inf,-inf
-2.837651272655804524e-01,-8.432866783225042573e-01
-2.764056158939939833e-01,-8.457275003158615245e-01
-2.675888980226480141e-01,-8.435764131215319761e-01
-2.594923708442646859e-01,-8.434867792973158585e-01
-2.524177357254739351e-01,-8.466743773749341173e-01
-2.450298928877844562e-01,-8.488418970594042712e-01
-2.368165815426758192e-01,-8.480555344169040666e-01
-2.271374470889795105e-01,-8.416392562385072162e-01
-2.197944422256054853e-01,-8.435866645926436425e-01
-2.112163083878593750e-01,-8.406207449720672908e-01
-2.032359150486757471e-01,-8.397566323412601896e-01
-1.948898508303067434e-01,-8.371130034047747914e-01
-1.875875140161721855e-01,-8.387795652084366615e-01
-1.795892780516497589e-01,-8.372047140898672968e-01
-1.717836965577382025e-01,-8.362890695285751796e-01
-1.644894171980433306e-01,-8.377543063726137218e-01
-1.564462105842436279e-01,-8.352242906606553996e-01
-1.484157658730521634e-01,-8.323719105898572668e-01
-1.407391340578473815e-01,-8.311687477890548070e-01
-1.334906540202998593e-01,-8.323636443561255316e-01
-1.254084556840907305e-01,-8.280573224770251262e-01
-1.175879150311593541e-01,-8.249112811047017990e-01
-1.103948441315169698e-01,-8.259046663170959146e-01
-1.029766627559646486e-01,-8.250988102154200865e-01
-9.546573561227485183e-02,-8.232331866091983086e-01
-8.812832966873779261e-02,-8.225423796505654250e-01
-8.095702093402663835e-02,-8.232791322345686114e-01
-7.331133686111762637e-02,-8.187243075585166618e-01
-6.565058986455128698e-02,-8.128531751000169780e-01
-5.856457022767593695e-02,-8.133944156027811401e-01
-5.131630401128239871e-02,-8.113788726200269474e-01
-4.397157525975840808e-02,-8.068026685830546052e-01
-3.680195422818294260e-02,-8.041583349568691697e-01
-2.979280031093950107e-02,-8.044485070936796545e-01
-2.278138386319627368e-02,-8.046775876491746304e-01
-1.572906093950272172e-02,-8.028459090990844871e-01
-8.732144185538340611e-03,-8.029524934721212759e-01
-1.733484319180625703e-03,-8.024981372804474988e-01
5.256593054148538460e-03,-8.019827591967959579e-01
1.223373980842787714e-02,-8.011565811656533587e-01
1.921487330675067384e-02,-8.010195506843412749e-01
2.622724121706774408e-02,-8.018212011995474731e-01
3.324468333286038912e-02,-8.023115031864319624e-01
4.023508347383469852e-02,-8.019913311084027052e-01
4.725183320294542438e-02,-8.021094120473962752e-01
5.417243665024319699e-02,-8.006694776334666308e-01
6.105248500713542775e-02,-7.989206005662840004e-01
6.801227957738048557e-02,-7.983582289683164301e-01
7.501369255593047514e-02,-7.982330582671953723e-01
8.189028864941631791e-02,-7.968029738254802652e-01
8.883083814130719735e-02,-7.960590937030532777e-01
9.594397741410373714e-02,-7.967440106486115559e-01
1.030757863550786774e-01,-7.973652955019782107e-01
1.100204317058214032e-01,-7.964367751497537506e-01
1.168839841872129914e-01,-7.949530670904931817e-01
1.241922955752363250e-01,-7.963744499265500432e-01
1.312901916035292826e-01,-7.962486141738126522e-01
1.382240344158770506e-01,-7.950742646412390924e-01
1.453272490477162115e-01,-7.948232735317869446e-01
1.532844726302867999e-01,-7.989280940757281790e-01
1.602408303524013866e-01,-7.975619758620602351e-01
1.682125842607618549e-01,-8.010285560545058470e-01
inf,-inf
1.693515259072317647e-01,-7.419171291746966546e-01
1.758104572561196566e-01,-7.404131610184446766e-01
1.767476412131935015e-01,-7.165223202602825081e-01
1.792657875142663060e-01,-7.004232741330437273e-01
1.853627484031994954e-01,-6.988344847134942972e-01
1.897244737619784016e-01,-6.909246351857691870e-01
1.946455136002830932e-01,-6.853972133446670778e-01
2.006109474166238027e-01,-6.836749694130667132e-01
2.065611463982935381e-01,-6.819008057070879980e-01
2.126447854079869526e-01,-6.805521247919378292e-01
2.178009494130993540e-01,-6.762935746738208964e-01
2.236861712534006508e-01,-6.743698907130541986e-01
2.285851334875093899e-01,-6.695558675416971584e-01
inf,-inf
2.269777515016797031e-01,-6.287872125060658401e-01
2.324486354987069237e-01,-6.267853620998945496e-01
2.373680518894592251e-01,-6.233341015998532519e-01
2.447930524627983107e-01,-6.263646148261611257e-01
2.502421485107925170e-01,-6.242076067696403774e-01
2.575731476209408566e-01,-6.266277495825796073e-01
2.645769641100520486e-01,-6.280456226339637960e-01
2.722192809604745412e-01,-6.307659082177985432e-01
2.777056902308170927e-01,-6.283697299439936490e-01
3.021315164435234291e-01,-6.678364456292896767e-01
3.079398373638424502e-01,-6.651781925947034546e-01
3.171487881216560334e-01,-6.696996649590444273e-01
3.229727756561971974e-01,-6.669104746802400063e-01
3.314343514827571835e-01,-6.694477121566980715e-01
3.406416982387211467e-01,-6.732261440019630117e-01
3.464955248668212806e-01,-6.702320932288887700e-01
3.562922358481845908e-01,-6.747035349973985463e-01
3.661928625919719793e-01,-6.790545074903943101e-01
3.708907541608891800e-01,-6.736475628576746866e-01
3.767471046112254585e-01,-6.703898937433172556e-01
3.780973734485276738e-01,-6.592741172649470016e-01
3.823131025113141179e-01,-6.533649330091056973e-01
3.879922683154063412e-01,-6.500084951485523010e-01
3.941619650233965655e-01,-6.474568479111094677e-01
4.005803405878855528e-01,-6.452717887031559352e-01
4.075253098541775088e-01,-6.438688988372931465e-01
4.131207660934426151e-01,-6.402931123197085350e-01
4.206079337302514598e-01,-6.395930190002737659e-01
4.322894882325395982e-01,-6.450411053792325378e-01
4.378942192242312736e-01,-6.412494694229493586e-01
4.825866476336069799e-01,-6.936390818552868875e-01
4.886129709396567766e-01,-6.894072910702430113e-01
4.998701070910064326e-01,-6.924202689114684617e-01
5.058851529030031768e-01,-6.880379094460635780e-01
inf,-inf
inf,-inf
5.733695769329398839e-01,-7.385609878041006215e-01
5.797839205193880963e-01,-7.335363726261944217e-01
5.960279493951389229e-01,-7.407268277482216279e-01
6.075296647542179906e-01,-7.416935264853889986e-01
6.139700094363550464e-01,-7.363711077299456287e-01
6.266725170558569147e-01,-7.384265985627501694e-01
6.378228120986895178e-01,-7.384241190738091154e-01
6.442335155965123183e-01,-7.328378378915555436e-01
6.555960221440624291e-01,-7.327854129164246277e-01
6.681843133191162076e-01,-7.338841786222725094e-01
6.772729133503389010e-01,-7.309676335192354379e-01
inf,-inf
inf,-inf
inf,-inf
5.152111590106966954e-01,-5.185734959421101076e-01
5.197106521796329703e-01,-5.140640495831113599e-01
5.137732953656801715e-01,-4.994088789958959773e-01
5.134056382723507506e-01,-4.904228992617148952e-01
5.165662726030474383e-01,-4.849036762062477468e-01
5.207723020768859623e-01,-4.803836993267778244e-01
5.282728826974418812e-01,-4.788494134136170310e-01
5.402664900306372031e-01,-4.812113767041567569e-01
5.444394434105626068e-01,-4.764850068767444990e-01
5.595651896727257268e-01,-4.811764360524454220e-01
5.725216280869936947e-01,-4.837036286285771869e-01
5.851792345872951495e-01,-4.857216635488249001e-01
5.893897870198336886e-01,-4.806037348892800987e-01
6.017506379991726106e-01,-4.820137055250581226e-01
6.141801534288690023e-01,-4.832442041171575720e-01
6.183680150950269239e-01,-4.778736439543101455e-01
6.324659111921504540e-01,-4.800238724556967207e-01
6.470483077547318773e-01,-4.822628509607040925e-01
6.512263694782168821e-01,-4.766059018531239033e-01
6.663181914906792791e-01,-4.787905014651429592e-01
6.827223847355331499e-01,-4.816122907154739563e-01
6.992254292045610997e-01,-4.841838783614105801e-01
7.034182503046733093e-01,-4.780721640607326073e-01
7.204525966453261265e-01,-4.805247654448553951e-01
7.375821287316213226e-01,-4.827161313481215243e-01
7.417607028529001889e-01,-4.762702171993734579e-01
7.513829385386284754e-01,-4.732522583123748849e-01
7.559038678741266670e-01,-4.669491926015878480e-01
inf,-inf
1.719588374603462144e+00,-1.021281460679974940e+00
1.728422933983934984e+00,-1.006257502470597975e+00
1.728874860341113706e+00,-9.864491172768752314e-01
1.724312804571375146e+00,-9.640257014248243550e-01
1.732648235034798923e+00,-9.489627467120206328e-01
1.729396201247464626e+00,-9.276825618343524926e-01
1.724135139543888195e+00,-9.056015864851182373e-01
1.731961445710688885e+00,-8.905423984438506357e-01
1.725363767932966530e+00,-8.682234483162889482e-01
1.720304115670444833e+00,-8.469711168358394771e-01
1.715456497434958649e+00,-8.260902931649836134e-01
1.722590240012536134e+00,-8.111097534038024248e-01
1.718692292069763594e+00,-7.910503483435377126e-01
1.714576486643632824e+00,-7.711209071991881325e-01
1.721231237479783349e+00,-7.561501234508506419e-01
1.716727081492095852e+00,-7.363913644831145966e-01
1.712932458013392001e+00,-7.171550526145471505e-01
1.709859504172493994e+00,-6.984192770532696715e-01
1.715880883112117727e+00,-6.834923595322757173e-01
1.711983905206325485e+00,-6.647131238057778502e-01
1.708358303959384150e+00,-6.462308935691090106e-01
1.713924949509780138e+00,-6.313190397556610600e-01
1.710889297521100749e+00,-6.133221374569189921e-01
1.707670896331161758e+00,-5.954263565658558521e-01
1.712794836981980762e+00,-5.805224222005839207e-01
1.708765183039041125e+00,-5.626034468858839288e-01
1.704077750642202016e+00,-5.446468053767462569e-01
1.700640577922425400e+00,-5.272590144299420523e-01
1.705170748111047185e+00,-5.124189334522749606e-01
1.702370146191255484e+00,-4.954441362254904391e-01
1.699403735244638725e+00,-4.785572234990291274e-01
1.703509545564386274e+00,-4.637297701221567703e-01
1.700716035700233109e+00,-4.470874025026423393e-01
1.697762351746477938e+00,-4.305290742100945089e-01
1.694649747420565511e+00,-4.140563085430677415e-01
1.698193651552321715e+00,-3.992727324828105884e-01
1.695756070239754720e+00,-3.831365251827326679e-01
1.693655392716838515e+00,-3.671791790794394217e-01
1.696790828600063472e+00,-3.524060481986497351e-01
1.693421934681361041e+00,-3.363398871519466260e-01
1.690393584144166406e+00,-3.204524214785906544e-01
1.693121948276961497e+00,-3.057094895649774546e-01
1.690793746612075266e+00,-2.900978224691312390e-01
1.688322405988816888e+00,-2.745500135880032944e-01
1.690650836873846874e+00,-2.598268737117106486e-01
1.688892199435924280e+00,-2.445108810633043472e-01
1.687986136126165215e+00,-2.293799570964860923e-01
1.689920949889286428e+00,-2.146614627664181207e-01
1.687258494851597179e+00,-1.993985325716013390e-01
1.684458700968080258e+00,-1.841983477364983468e-01
1.683014946007598933e+00,-1.692121960613652554e-01
1.684425622661884114e+00,-1.545393073007488294e-01
1.681722127365790520e+00,-1.395239632761326176e-01
1.679383747604184185e+00,-1.246044929949452346e-01
1.680405832820672130e+00,-1.099649417490177472e-01
1.678305092852259595e+00,-9.514723363634770836e-02
1.677072838068309091e+00,-8.042240399734958134e-02
1.676710712322760033e+00,-6.576547397559945329e-02
1.677220152354912175e+00,-5.115145080735754302e-02
1.675102875189190765e+00,-3.647911424534116404e-02
1.673857280669162728e+00,-2.186062593519101996e-02
1.673984224689925693e+00,-7.273135823756787625e-03
1.673984042682755691e+00,7.314906625539567553e-03
1.672856773532883645e+00,2.188930908646825185e-02
1.672102656181203795e+00,3.645552142505308069e-02
1.671721476656776506e+00,5.102550671081626521e-02
1.670713763809314356e+00,6.557200957514723594e-02
1.668580617368371710e+00,8.005689954072180148e-02
1.667819611778278421e+00,9.459453678327200965e-02
1.666931948314456902e+00,1.091249903095433960e-01
1.666914879009375960e+00,1.237211693309934191e-01
1.665773428804716350e+00,1.382426326848913700e-01
1.665003466460551751e+00,1.527992987416982029e-01
1.664106144979771829e+00,1.673530283298504950e-01
1.663081575720563254e+00,1.819027187975522097e-01
1.661433253840159718e+00,1.963885680003602252e-01
1.660650831008763983e+00,2.109855456787116113e-01
1.659739979821388767e+00,2.255837752189865375e-01
1.657711130675164624e+00,2.400388458046367191e-01
1.657038989539371787e+00,2.547035775901275723e-01
1.656730634489621545e+00,2.694550864823583858e-01
1.657276272697147501e+00,2.843896356022065364e-01
1.654735059375750161e+00,2.988210035383028207e-01
1.654033267100612159e+00,3.136022556035500397e-01
1.652708753994428514e+00,3.282964843510208786e-01
1.649785092312432866e+00,3.426863819160510527e-01
1.650156764220672256e+00,3.577919245932092984e-01
1.650390076925673410e+00,3.729298868205514483e-01
1.651457989922053171e+00,3.883279111902912528e-01
1.648011237933136641e+00,4.027046296392599589e-01
1.648801271055341022e+00,4.181570090431245834e-01
1.649930341991780347e+00,4.337807806978630776e-01
1.646087553573449824e+00,4.481424607181694331e-01
1.645488687435606279e+00,4.634188993477292851e-01
1.645228480987950714e+00,4.788586156517249948e-01
1.646260272375753120e+00,4.947606020101013025e-01
1.641886220826433318e+00,5.090879841092097458e-01
1.642626319756126607e+00,5.250512543672651855e-01
1.643687484401829879e+00,5.412223611500012188e-01
1.638908644241509283e+00,5.555255587445602217e-01
1.639198616812466813e+00,5.715974918240180891e-01
1.639803287785968067e+00,5.878852956845470601e-01
1.641186426360262685e+00,6.045725353248745382e-01
1.635855622479933213e+00,6.188515322265164542e-01
1.635061534615867895e+00,6.348933747986134080e-01
1.635505243632720873e+00,6.515233586536157695e-01
1.629765507270115155e+00,6.657510646885946848e-01
1.631742575763768466e+00,6.832110621099527492e-01
1.631700406277365900e+00,6.999673164635099587e-01
1.625538654416121220e+00,7.141600261579156284e-01
1.626549349949180545e+00,7.315800063554979138e-01
1.627379437357303171e+00,7.490716372772306952e-01
1.628479961275367982e+00,7.668460367395800725e-01
1.621735523851774330e+00,7.810081427333752657e-01
1.624288057325792956e+00,7.997491169527347621e-01
1.625743093758923008e+00,8.181439873401050722e-01
1.627000131244432657e+00,8.366245731341142022e-01
1.619647672011051087e+00,8.507711337312888755e-01
1.621424974594350310e+00,8.698167477089432387e-01
1.622554031059042945e+00,8.887173366762486371e-01
1.614747783527827663e+00,9.028231741636026930e-01
1.616372895530512777e+00,9.223120112359945999e-01
1.618644584781592011e+00,9.424005542303953709e-01
1.621547837349636367e+00,9.631088990762363133e-01
1.613093350275411897e+00,9.772031434611588852e-01
1.614299998327756835e+00,9.972672210429696094e-01
1.614855572951856555e+00,1.017159555359084200e+00
1.605930321010773376e+00,1.031193428319921335e+00
1.607760501404766673e+00,1.052268167110314456e+00
1.608928577617839917e+00,1.073175144673799597e+00
1.599515408541549721e+00,1.087155240459777072e+00
inf,inf
inf,inf
inf,inf
inf,inf
inf,inf
inf,inf
inf,inf
inf,inf
inf,inf
inf,inf
inf,inf
inf,inf
inf,inf
inf,inf
inf,inf
5.682694906777737698e-01,5.151299020198887302e-01
5.637588654132704713e-01,5.200624689959261193e-01
inf,inf
inf,inf
inf,inf
inf,inf
inf,inf
4.973865371676989278e-01,5.094611371819683932e-01
4.929280032846028448e-01,5.137762170753661373e-01
4.819150166928355961e-01,5.111400459631958437e-01
4.703062797132406270e-01,5.076179314461585212e-01
4.658648365272021197e-01,5.116970931624187369e-01
4.497199756976352214e-01,5.026949154511498596e-01
4.416910011417874427e-01,5.024640276346852286e-01
4.372955576828963520e-01,5.062940200983109262e-01
4.312492787582638543e-01,5.081793706008637113e-01
4.184796890005828551e-01,5.019332890860109808e-01
4.074364268182544824e-01,4.974380028571896428e-01
4.030860828278327035e-01,5.009696781397950938e-01
3.949847174787254334e-01,4.997560444259474544e-01
3.896948248488427136e-01,5.019942340921564883e-01
3.853054497100281139e-01,5.053711289730489220e-01
3.790887516215716291e-01,5.063081663828989942e-01
3.675539913171841366e-01,4.999243426563143577e-01
3.579157227645287653e-01,4.958110685764099967e-01
3.535814368837644772e-01,4.989112624667326745e-01
3.466503854795114359e-01,4.982795421674281466e-01
3.403213301838483584e-01,4.983910639063066639e-01
3.359652292729798373e-01,5.013378352760923251e-01
3.288364454667248582e-01,5.000688533736969976e-01
3.201290929220325099e-01,4.961931181365261678e-01
3.157929125087132749e-01,4.989640097546075848e-01
3.058949885348158926e-01,4.927760511933352294e-01
2.987292506442852935e-01,4.907250887734241340e-01
2.918789464491527430e-01,4.890163225802410252e-01
2.876063801841040046e-01,4.915413036638593414e-01
2.763472948605368851e-01,4.818842084023228223e-01
2.721374704372271913e-01,4.842741112926615132e-01
2.659778808708690989e-01,4.831232157609043898e-01
2.600964320273129182e-01,4.823420176663439918e-01
2.558832351345139977e-01,4.845902866720229185e-01
2.511913953681815803e-01,4.859134418612524597e-01
2.458187703648010702e-01,4.858532441658467982e-01
2.415755173821164392e-01,4.879769586073747223e-01
2.351347295051769148e-01,4.855634942234621221e-01
2.296104626840271001e-01,4.848827289840364485e-01
2.230658252611039671e-01,4.818741089162431046e-01
2.188581120044866823e-01,4.837996962101900889e-01
2.132190367219284344e-01,4.824871653328174359e-01
2.074214929540842967e-01,4.806543464079671701e-01
2.032250032269508344e-01,4.824436490654397947e-01
1.862777582861277481e-01,4.532114364332649470e-01
1.823212198741510637e-01,4.548175261900203603e-01
1.823546216225655769e-01,4.666345240898261970e-01
1.782812580361220200e-01,4.682059163794338175e-01
1.747158990275393953e-01,4.711481743898536245e-01
1.692454512387632226e-01,4.688904101984186501e-01
1.651529267304578941e-01,4.703474782896341910e-01
1.605632690034650145e-01,4.703492802327643441e-01
1.558287486163097146e-01,4.698323167102949061e-01
1.506556930008289552e-01,4.678408944902701094e-01
1.465730202645280089e-01,4.691360038640717822e-01
1.411747266767551245e-01,4.660887097980364047e-01
1.362630797919794912e-01,4.644226206236337084e-01
1.322107417609728053e-01,4.655924368203722685e-01
1.281483633567043479e-01,4.667268949078433593e-01
1.234353639558041366e-01,4.654094548840849166e-01
1.183832194223229523e-01,4.625923209371997635e-01
1.143475102707600111e-01,4.636063943969469525e-01
1.098411137888763850e-01,4.626393497437757962e-01
1.055828082063393764e-01,4.626040651180897134e-01
1.015474827569293331e-01,4.635065902425224427e-01
9.657974553273400431e-02,4.599699464446183050e-01
9.197686067007683486e-02,4.578528849173408855e-01
8.798345553289116383e-02,4.586370227950926082e-01
8.398336873941461556e-02,4.593863307729498247e-01
7.937750294550958985e-02,4.566524451010078312e-01
7.539503733114331918e-02,4.573268327317225324e-01
7.109872526794605574e-02,4.559903629930102120e-01
6.690418066167484745e-02,4.551086005417479541e-01
6.293564235033712040e-02,4.556743492879852253e-01
5.864187746377701183e-02,4.537261178557042696e-01
5.456616678059360293e-02,4.532270708853259333e-01
5.039274265999434815e-02,4.516976999810124460e-01
4.645455525411947700e-02,4.521196909857776447e-01
4.237253538821150745e-02,4.510139426370870508e-01
3.835575175683574728e-02,4.503696583859363445e-01
3.442959449289616919e-02,4.506868046776516534e-01
3.043334374180043517e-02,4.499720170241902628e-01
2.648156158464397975e-02,4.497210104133067543e-01
2.251142588905463704e-02,4.489359428411370256e-01
1.859836422067871406e-02,4.491150697967438155e-01
1.466755677995751350e-02,4.487603632614028393e-01
1.078626821375020320e-02,4.501207823499434046e-01
6.863326598341806979e-03,4.501976866147899270e-01
2.936599107337892721e-03,4.497404189769673710e-01
-9.832760342668043965e-04,4.499989138202497019e-01
-4.929232452051036766e-03,4.522231402945092182e-01
-8.869898118443353408e-03,4.521630135888627944e-01
-1.283113393271905801e-02,4.528182529561672887e-01
-1.675816742640831580e-02,4.521895629914293169e-01
-2.069809132917447073e-02,4.520263555028627978e-01
-2.460922113381409926e-02,4.513295681901243195e-01
-2.850978069897473766e-02,4.505989803725087284e-01
-3.243539740869823967e-02,4.503334250343715706e-01
-3.645921124756454357e-02,4.512796095996773338e-01
-4.059118441853868525e-02,4.531857981891646014e-01
-4.439205243497588299e-02,4.513220558086127321e-01
-4.832336724523348531e-02,4.509180685632196428e-01
-5.190536161167733781e-02,4.474998254157065425e-01
-5.580308269304064955e-02,4.470305093313883815e-01
-5.959718142346193126e-02,4.457838535010821834e-01
-6.330322654811880445e-02,4.440100878789839389e-01
-6.717010387513118463e-02,4.434415787621967531e-01
-7.111106740872810694e-02,4.433330767587625454e-01
-7.505523491397994573e-02,4.431895269320185182e-01
-7.909007893991124027e-02,4.435031225644363584e-01
-8.295193892487459641e-02,4.427970597686153309e-01
-8.724105240454967103e-02,4.442651898366316576e-01
-9.131048246950368430e-02,4.444676267998359798e-01
-9.518028350700871720e-02,4.436550339097002360e-01
-9.931570141082327052e-02,4.440286064952642664e-01
-1.035782223751673531e-01,4.448506708535954757e-01
-1.074508955918347941e-01,4.439311574397613591e-01
-1.114372631301492611e-01,4.434628485160022060e-01
-1.152975438929866314e-01,4.424749009832192326e-01
-1.196050773719003618e-01,4.431428861976738909e-01
-1.234622597146137479e-01,4.420837732227955730e-01
-1.282114998029912634e-01,4.441135761584374397e-01
-1.325768325457848951e-01,4.446564641180766331e-01
-1.364467122585100167e-01,4.434842526220145742e-01
-1.407598092685596047e-01,4.437081511884432006e-01
-1.453978112652897503e-01,4.448409508686759772e-01
-1.492688118425501698e-01,4.435570052446449751e-01
-1.537828731520829439e-01,4.441292906401502205e-01
-1.587374692901435957e-01,4.458340273274383203e-01
-1.640769850663370832e-01,4.484250048808608446e-01
-1.679785092512439681e-01,4.469781453948155070e-01
-1.724071777701089159e-01,4.468968193095483321e-01
-1.765711064787450213e-01,4.460747851521235097e-01
-1.804516754959706315e-01,4.445191361486459103e-01
-1.850869362876536861e-01,4.447762353611449115e-01
-1.902306081417851902e-01,4.461359989980276386e-01
-1.941111919346471537e-01,4.444613133239743163e-01
-2.000180328475091307e-01,4.473173324182969091e-01
-2.051569555467980810e-01,4.482852041903806484e-01
-2.095857611903259587e-01,4.476124112833759772e-01
-2.134784760924236802e-01,4.457690010239642175e-01
-2.187842238965748698e-01,4.468106038874170016e-01
-2.239004300678479331e-01,4.473462213840206370e-01
-2.292701799805854368e-01,4.482715908978279207e-01
-2.331678917978526888e-01,4.462566177312606852e-01
-2.402257918857114427e-01,4.501628629611388321e-01
-2.465319478373232120e-01,4.524429126467067186e-01
-2.504653547680091852e-01,4.502773551597231694e-01
-2.558608264143802380e-01,4.506864632366379131e-01
-2.601545211901105659e-01,4.490886534637718031e-01
-2.640581805042477859e-01,4.468045108034894297e-01
-2.700068528111115862e-01,4.479121581628761617e-01
-2.774349158304373342e-01,4.512924981246209111e-01
-2.817554617318204224e-01,4.494931637067711705e-01
-2.856618258982082659e-01,4.470207664743722775e-01
-2.920026100566466276e-01,4.482850697736580070e-01
-3.003226769465917045e-01,4.523884073108062065e-01
-3.042535664031553178e-01,4.497540980230591567e-01
-3.117083406870527762e-01,4.522316664934056818e-01
-3.186544355987832033e-01,4.537946481544259947e-01
-3.243422350950289079e-01,4.534405913130135080e-01
-3.282813816537768492e-01,4.505969260616650707e-01
-3.339832099214228300e-01,4.501283087692263263e-01
-3.412087337906580253e-01,4.515889532661609418e-01
-3.451311039974299666e-01,4.485983769259159759e-01
-3.528813786472447256e-01,4.504939565935843770e-01
-3.591318406030403199e-01,4.503335347280057466e-01
-3.630425900318979271e-01,4.471868169551498906e-01
-3.715441997070339508e-01,4.495947664657297671e-01
-inf,inf
-2.729567462216527574e+00,3.188145337551726133e+00
-2.757246587762588241e+00,3.164237740501738116e+00
-2.773768547745573798e+00,3.127744962220366354e+00
-2.793549577639576231e+00,3.095288348040399207e+00
-2.820417080867728021e+00,3.070826711195941527e+00
-2.843314925606253318e+00,3.042113824258371846e+00
-2.869717155178284518e+00,3.017220531415402363e+00
-2.891380783006997746e+00,2.987427266579298468e+00
-inf,inf
-inf,inf
-inf,inf
-inf,inf
-inf,inf
-inf,inf
-inf,inf
-inf,inf
-inf,inf
-inf,inf
-inf,inf
-inf,inf
-inf,inf
-inf,inf
-inf,inf
-inf,inf
-inf,inf
-inf,inf
-inf,inf
-inf,inf
-inf,inf
-inf,inf
-inf,inf
-inf,inf
-inf,inf
-inf,inf
-inf,inf
-inf,inf
-inf,inf
-inf,inf
-inf,inf
-inf,inf
-inf,inf
-inf,inf
-inf,inf
-inf,inf
-inf,inf
-inf,inf
-inf,inf
-inf,inf
-inf,inf
-inf,inf
-inf,inf
-inf,inf
-inf,inf
-inf,inf
-inf,inf
-inf,inf
-inf,inf
-inf,inf
-inf,inf
-inf,inf
-inf,inf
-inf,inf
-2.647861037953181729e+00,7.084578876960093696e-01
-2.653934280404995683e+00,6.853564694671010482e-01
-2.649617052924489791e+00,6.596663013277724863e-01
-inf,inf
-inf,inf
-inf,inf
-inf,inf
-inf,inf
-inf,inf
-inf,inf
-inf,inf
-inf,inf
-5.060102784581652635e+00,8.003063755298805981e-01
-5.066884835934049036e+00,7.561802328984525978e-01
-5.061893347853900771e+00,7.103983397250225318e-01
-5.062438917956660234e+00,6.655431290143150047e-01
-5.061098561960275966e+00,6.205498470791293020e-01
-5.066314105408748603e+00,5.764218523986244236e-01
-inf,inf
-inf,inf
-inf,inf
-inf,inf
-inf,inf
-3.411642520427420333e+00,2.083727320546550910e-01
-3.413328819731562547e+00,1.786344060986559956e-01
-inf,inf
-2.248633200783215713e+00,7.841382745045827329e-02
-2.249231147089809202e+00,5.881536330807266011e-02
-inf,inf
-inf,inf
-inf,-inf
